City_ID,City,Country,Lat,Lng,Max Temp,Humidity,Cloudiness,Wind Speed,Current Description
0,Atuona,PF,-9.8,-139.0333,78.53,76,27,19.73,light rain
1,Mecca,SA,21.4267,39.8261,91.18,38,12,16.26,few clouds
2,Coari,BR,-4.085,-63.1414,82.89,73,100,3.65,light rain
3,Galle,LK,6.0367,80.217,82.0,77,27,2.48,scattered clouds
4,Taksimo,RU,56.3444,114.8794,24.84,70,87,3.04,overcast clouds
5,Qaanaaq,GL,77.484,-69.3632,5.16,71,18,8.25,few clouds
6,Bredasdorp,ZA,-34.5322,20.0403,62.35,59,37,12.97,scattered clouds
7,Osa,RU,57.2829,55.4567,50.72,72,64,5.06,broken clouds
8,Chapais,CA,49.7834,-74.8492,35.38,66,100,11.97,overcast clouds
9,Tazovskiy,RU,67.4667,78.7,-3.39,100,60,5.37,broken clouds
10,Bhor,IN,18.1667,73.85,87.6,33,38,2.48,scattered clouds
11,Quartucciu,IT,39.2519,9.1794,71.02,44,0,21.99,clear sky
12,East London,ZA,-33.0153,27.9116,63.54,82,0,14.97,clear sky
13,Punta Arenas,CL,-53.15,-70.9167,42.91,87,75,2.3,broken clouds
14,Hilo,US,19.7297,-155.09,75.27,94,100,4.61,moderate rain
15,Poshekhonye,RU,58.4993,39.1353,50.31,79,100,7.56,light rain
16,Santa Maria Da Vitoria,BR,-13.3947,-44.1886,92.93,33,0,7.38,clear sky
17,Ushuaia,AR,-54.8,-68.3,42.46,70,40,0.0,scattered clouds
18,Quelimane,MZ,-17.8786,36.8883,75.31,95,10,5.37,light rain
19,Saint George,US,37.1041,-113.5841,56.43,33,0,3.44,clear sky
20,Santa Rosa,PH,14.3122,121.1114,85.1,77,78,9.06,broken clouds
21,Albany,US,42.6001,-73.9662,58.64,41,93,5.01,overcast clouds
22,Hambantota,LK,6.1241,81.1185,82.24,77,26,5.39,scattered clouds
23,Nabire,ID,-3.3667,135.4833,76.44,91,80,2.64,broken clouds
24,Vaini,TO,-21.2,-175.2,69.96,100,75,0.0,broken clouds
25,Narsaq,GL,60.9167,-46.05,48.42,78,76,4.12,broken clouds
26,Jamestown,US,42.097,-79.2353,78.06,39,0,16.11,clear sky
27,Dingle,PH,10.9995,122.6711,77.14,89,93,6.98,overcast clouds
28,Castro,BR,-24.7911,-50.0119,73.45,66,44,2.64,scattered clouds
29,Kahului,US,20.8947,-156.47,73.85,79,0,16.11,clear sky
30,Palauig,PH,15.435,119.9045,83.12,73,12,4.52,few clouds
31,Geraldton,AU,-28.7667,114.6,61.21,72,97,0.0,overcast clouds
32,Grindavik,IS,63.8424,-22.4338,45.07,76,100,8.05,overcast clouds
33,Port Blair,IN,11.6667,92.75,82.44,78,20,2.3,mist
34,Dikson,RU,73.5069,80.5464,9.57,94,99,11.41,overcast clouds
35,Saskylakh,RU,71.9167,114.0833,-5.35,100,25,2.89,scattered clouds
36,Jumla,NP,29.2747,82.1838,51.26,31,7,5.14,clear sky
37,Vila Velha,BR,-20.3297,-40.2925,87.75,71,20,14.97,few clouds
38,Saint-Philippe,RE,-21.3585,55.7679,76.59,80,98,15.75,light rain
39,Chuy,UY,-33.6971,-53.4616,71.53,38,0,10.63,clear sky
40,Mossendjo,CG,-2.9506,12.7261,79.48,77,100,3.11,overcast clouds
41,Bambous Virieux,MU,-20.3428,57.7575,75.45,83,75,19.57,light rain
42,Mataura,NZ,-46.1927,168.8643,52.48,87,100,6.22,overcast clouds
43,Mar Del Plata,AR,-38.0023,-57.5575,66.22,74,0,16.11,clear sky
44,Severo-Kurilsk,RU,50.6789,156.125,32.7,87,99,14.67,overcast clouds
45,Kaseda,JP,31.4167,130.3167,65.62,89,7,0.51,clear sky
46,Husavik,IS,66.0449,-17.3389,43.59,81,52,4.27,broken clouds
47,Cayenne,GF,4.9333,-52.3333,86.04,1,75,6.91,broken clouds
48,Sergeyevka,KZ,53.88,67.4158,47.17,34,20,6.17,few clouds
49,Babol,IR,36.5513,52.679,64.47,68,100,5.48,overcast clouds
50,Victoria,HK,22.2855,114.1577,82.33,88,3,8.99,clear sky
51,Banda Aceh,ID,5.5577,95.3222,81.9,80,19,6.62,few clouds
52,Guerrero Negro,MX,27.9769,-114.0611,62.11,74,0,4.54,clear sky
53,Port Alfred,ZA,-33.5906,26.891,62.19,82,98,5.99,overcast clouds
54,Morki,RU,56.4303,48.9947,52.03,73,94,0.45,overcast clouds
55,Mount Isa,AU,-20.7333,139.5,65.97,100,100,8.05,moderate rain
56,Komsomolskiy,UZ,40.4272,71.7189,63.32,63,100,6.91,overcast clouds
57,Sao Filipe,CV,14.8961,-24.4956,75.99,69,4,4.36,clear sky
58,Sao Sebastiao Do Paraiso,BR,-20.9169,-46.9914,79.32,48,10,3.15,clear sky
59,Olafsvik,IS,64.8945,-23.7142,44.87,81,90,6.17,overcast clouds
60,Eirunepe,BR,-6.6603,-69.8736,85.5,70,92,3.18,overcast clouds
61,Ola,RU,59.5833,151.2833,19.15,82,91,8.01,overcast clouds
62,Salalah,OM,17.0151,54.0924,83.03,70,60,7.36,broken clouds
63,Melfi,IT,40.9965,15.6514,68.56,49,4,14.88,clear sky
64,Yerbogachen,RU,61.2767,108.0108,25.03,87,100,2.77,overcast clouds
65,Emba,KZ,48.8264,58.1442,42.35,83,75,7.45,broken clouds
66,Hobart,AU,-42.8794,147.3294,56.26,88,40,5.75,scattered clouds
67,Yantal,RU,56.8471,105.2542,19.81,94,89,2.51,overcast clouds
68,Puerto Ayora,EC,-0.7393,-90.3518,75.16,80,39,8.1,scattered clouds
69,Cape Town,ZA,-33.9258,18.4232,64.35,65,20,17.27,few clouds
70,Gambela,ET,8.25,34.5833,88.12,49,100,6.82,overcast clouds
71,Bluff,NZ,-46.6,168.3333,52.81,83,91,19.08,overcast clouds
72,Cabo San Lucas,MX,22.8909,-109.9124,76.6,85,20,0.0,few clouds
73,Longyearbyen,SJ,78.2186,15.6401,13.84,52,20,9.22,few clouds
74,Busselton,AU,-33.65,115.3333,63.63,52,100,9.57,overcast clouds
75,Weinan,CN,34.5036,109.5089,63.5,70,100,6.55,overcast clouds
76,Pirenopolis,BR,-15.8525,-48.9592,86.49,35,38,7.83,scattered clouds
77,Barrow,US,71.2906,-156.7887,6.82,78,0,9.22,clear sky
78,Oktyabrskiy,RU,54.4815,53.471,53.73,67,93,4.63,overcast clouds
79,Foz,ES,43.5692,-7.2544,58.89,79,100,4.74,overcast clouds
80,Chiredzi,ZW,-21.05,31.6667,80.55,49,0,4.61,clear sky
81,Japura,ID,-0.3167,102.35,76.32,96,51,1.05,broken clouds
82,Airai,TL,-8.9266,125.4092,58.66,71,50,1.99,scattered clouds
83,Ponta Do Sol,PT,32.6667,-17.1,70.72,62,12,8.12,few clouds
84,Ilulissat,GL,69.2167,-51.1,30.22,74,75,3.44,broken clouds
85,Ketchikan,US,55.3422,-131.6461,44.58,94,100,6.17,light rain
86,Chokurdakh,RU,70.6333,147.9167,-14.28,100,79,3.11,broken clouds
87,Nanortalik,GL,60.1432,-45.2371,38.8,86,93,4.54,overcast clouds
88,Labuhan,ID,-6.8844,112.2051,80.01,84,100,3.78,overcast clouds
89,Dwarka,IN,22.2394,68.9678,83.32,69,0,10.89,clear sky
90,Georgetown,MY,5.4112,100.3354,84.13,92,40,4.61,thunderstorm with light rain
91,Rikitea,PF,-23.1203,-134.9692,73.99,79,100,6.49,light rain
92,Port Hardy,CA,50.6996,-127.4199,46.58,81,75,11.5,broken clouds
93,Norden,DE,53.6,7.2,57.94,70,2,17.92,clear sky
94,Fairbanks,US,64.8378,-147.7164,32.59,81,0,0.0,clear sky
95,Poya,NC,-21.35,165.15,70.72,92,84,7.58,broken clouds
96,Mahebourg,MU,-20.4081,57.7,75.49,83,75,19.57,broken clouds
97,New Norfolk,AU,-42.7826,147.0587,55.92,83,56,1.25,broken clouds
98,Ust-Omchug,RU,61.15,149.6333,12.96,97,100,4.07,overcast clouds
99,Shingu,JP,33.7333,135.9833,63.66,94,100,3.31,overcast clouds
100,Elizabeth City,US,36.2946,-76.2511,80.04,65,0,11.99,clear sky
101,Potiskum,NG,11.7091,11.0694,104.07,13,100,4.97,overcast clouds
102,Muslyumovo,RU,55.3033,53.1947,55.49,63,90,9.33,overcast clouds
103,Katsuura,JP,35.1333,140.3,62.62,93,100,9.82,overcast clouds
104,Chifeng,CN,42.2683,118.9636,58.84,32,31,11.32,scattered clouds
105,Tuatapere,NZ,-46.1333,167.6833,51.48,89,99,6.42,overcast clouds
106,San Policarpo,PH,12.1791,125.5072,77.68,92,100,5.37,moderate rain
107,Catamarca,AR,-28.4696,-65.7852,83.59,43,0,4.29,clear sky
108,Novikovo,RU,51.1537,37.8879,58.06,72,82,10.22,broken clouds
109,Namibe,AO,-15.1961,12.1522,73.44,74,13,9.26,few clouds
110,Hermanus,ZA,-34.4187,19.2345,62.8,75,11,9.84,light rain
111,Hithadhoo,MV,-0.6,73.0833,84.29,72,91,9.1,overcast clouds
112,Corn Island,NI,12.1694,-83.0418,80.13,78,10,8.5,clear sky
113,Tromso,NO,69.6496,18.957,41.02,81,75,9.22,broken clouds
114,Asekeyevo,RU,53.5742,52.7972,54.93,68,100,4.7,overcast clouds
115,Halifax,CA,44.6453,-63.5724,43.68,59,74,18.01,broken clouds
116,Kavaratti,IN,10.5669,72.642,85.1,70,87,4.23,overcast clouds
117,Adrar,MR,20.5022,-10.0711,91.69,15,0,14.58,clear sky
118,Cidreira,BR,-30.1811,-50.2056,69.51,63,0,15.46,clear sky
119,Beringovskiy,RU,63.05,179.3167,14.25,95,80,1.52,broken clouds
120,Udachnyy,RU,66.4167,112.4,4.08,91,97,1.81,overcast clouds
121,Tautira,PF,-17.7333,-149.15,79.36,75,69,5.32,moderate rain
122,Shimoda,JP,34.6667,138.95,59.11,90,100,5.46,moderate rain
123,Inuvik,CA,68.3499,-133.7218,31.06,55,20,6.91,few clouds
124,Mount Gambier,AU,-37.8333,140.7667,46.31,93,46,0.0,fog
125,Kieta,PG,-6.2167,155.6333,78.71,81,96,1.68,overcast clouds
126,Waling,NP,27.9833,83.7667,75.51,15,0,4.94,clear sky
127,Kargala,RU,56.6208,83.9607,31.05,89,100,3.67,overcast clouds
128,Puerto Escondido,MX,15.85,-97.0667,85.03,79,20,5.75,few clouds
129,Lavrentiya,RU,65.5833,-171.0,13.37,92,94,6.2,overcast clouds
130,Vao,NC,-22.6667,167.4833,73.98,70,100,21.47,overcast clouds
131,Nelson Bay,AU,-32.7167,152.15,58.08,95,44,6.67,scattered clouds
132,Lebu,CL,-37.6167,-73.65,57.69,87,100,23.91,overcast clouds
133,Krasnoselkup,RU,65.7,82.4667,3.47,97,87,2.86,overcast clouds
134,Tasiilaq,GL,65.6145,-37.6368,42.96,70,100,4.38,overcast clouds
135,Igarka,RU,67.4667,86.5833,-0.74,99,70,5.55,broken clouds
136,Gao,ML,16.6362,1.637,104.0,6,2,13.33,clear sky
137,Sojat,IN,25.9167,73.6667,92.48,13,29,6.78,scattered clouds
138,Lata,PT,40.1629,-8.3327,66.07,60,96,3.85,overcast clouds
139,Ambilobe,MG,-13.2,49.05,79.03,74,86,7.47,overcast clouds
140,Hobyo,SO,5.3505,48.5268,85.23,64,26,9.57,scattered clouds
141,Norman Wells,CA,65.282,-126.8329,35.64,64,20,6.91,few clouds
142,Yar-Sale,RU,66.8333,70.8333,13.59,91,100,4.94,overcast clouds
143,Tumut,AU,-35.3,148.2167,52.23,89,98,3.27,overcast clouds
144,Carnarvon,AU,-24.8667,113.6333,66.27,94,4,0.0,clear sky
145,Lukovetskiy,RU,64.2956,41.9211,36.45,88,100,2.59,overcast clouds
146,Butaritari,KI,3.0707,172.7902,79.72,79,100,12.82,light rain
147,Khandyga,RU,62.6667,135.6,14.34,98,53,1.59,broken clouds
148,Port Lincoln,AU,-34.7333,135.8667,66.15,80,100,6.26,light rain
149,Samut Sakhon,TH,13.5833,100.3,91.02,73,3,14.5,light rain
150,Khatanga,RU,71.9667,102.5,-3.26,100,100,3.18,overcast clouds
151,Saint-Francois,FR,46.4154,3.9054,57.67,82,100,5.75,overcast clouds
152,Dubai,AE,25.2582,55.3047,89.53,40,0,8.05,clear sky
153,Oranjestad,AW,12.524,-70.027,85.95,62,75,20.71,broken clouds
154,Luderitz,NA,-26.6481,15.1594,68.59,38,0,30.74,clear sky
155,Conceicao Da Barra,BR,-18.5933,-39.7322,88.75,55,9,6.04,clear sky
156,Nikolskoye,RU,59.7035,30.7861,50.72,74,100,9.55,light rain
157,Kruisfontein,ZA,-34.0033,24.7314,59.88,55,51,14.67,broken clouds
158,Kiboga,UG,0.9161,31.7742,67.15,82,100,5.61,overcast clouds
159,Lingao,CN,19.9103,109.6859,78.66,82,12,8.63,few clouds
160,Ribeira Grande,PT,38.5167,-28.7,63.0,59,40,19.57,scattered clouds
161,Jinsha,CN,32.0898,121.0735,64.98,98,100,8.52,overcast clouds
162,Praia Da Vitoria,PT,38.7333,-27.0667,66.45,63,40,21.3,scattered clouds
163,Brae,GB,60.3964,-1.353,48.43,75,79,16.84,broken clouds
164,Pryazha,RU,61.6926,33.6216,42.03,75,42,8.16,scattered clouds
165,Songkhla,TH,6.8333,100.6667,82.45,90,62,2.64,broken clouds
166,Tokur,RU,53.1333,132.9,16.59,97,100,2.04,overcast clouds
167,Dunedin,NZ,-45.8742,170.5036,54.81,68,100,14.0,overcast clouds
168,Nioro,GM,13.35,-15.75,107.92,8,32,10.45,scattered clouds
169,Yulara,AU,-25.2406,130.9889,61.47,86,13,12.41,few clouds
170,Necochea,AR,-38.5473,-58.7368,70.57,47,8,12.1,clear sky
171,Matagami,CA,49.7502,-77.6328,33.91,69,100,17.27,light snow
172,Broken Hill,AU,-31.95,141.4333,65.1,52,100,12.73,overcast clouds
173,Los Llanos De Aridane,ES,28.6585,-17.9182,65.95,72,75,10.36,broken clouds
174,Ayr,GB,55.4627,-4.6339,60.51,55,20,14.97,few clouds
175,Pevek,RU,69.7008,170.3133,0.05,99,99,3.47,overcast clouds
176,Yellowknife,CA,62.456,-114.3525,19.92,68,0,12.66,clear sky
177,Omsukchan,RU,62.5333,155.8,17.51,96,100,7.05,snow
178,Torbay,CA,47.6666,-52.7314,37.27,94,100,20.71,light intensity drizzle
179,Tuktoyaktuk,CA,69.4541,-133.0374,12.2,85,0,4.61,clear sky
180,Seoul,KR,37.5683,126.9778,61.99,94,75,3.44,mist
181,Matara,LK,5.9485,80.5353,80.06,85,16,2.13,few clouds
182,Algiers,DZ,36.7525,3.042,64.22,63,20,11.5,few clouds
183,Hazorasp,UZ,41.3194,61.0742,66.04,27,0,13.11,clear sky
184,San Patricio,US,28.017,-97.5169,82.26,68,49,21.92,scattered clouds
185,Bartica,GY,6.4,-58.6167,86.32,81,96,3.31,overcast clouds
186,Saldanha,ZA,-33.0117,17.9442,64.45,75,0,14.76,clear sky
187,Tomatlan,MX,19.9333,-105.25,77.63,49,4,1.07,clear sky
188,Saravan,AM,39.7196,45.6483,60.22,45,100,0.43,overcast clouds
189,Formosa Do Rio Preto,BR,-11.0483,-45.1931,90.1,40,42,7.7,scattered clouds
190,San Vicente,AR,-26.6167,-54.1333,80.4,56,1,6.51,clear sky
191,Conceicao Do Araguaia,BR,-8.2578,-49.2647,85.15,65,60,5.17,light rain
192,Aklavik,CA,68.2191,-135.0107,19.4,86,0,3.44,clear sky
193,Camacupa,AO,-12.0167,17.4833,74.59,54,56,2.35,broken clouds
194,Arraial Do Cabo,BR,-22.9661,-42.0278,82.36,65,20,9.22,few clouds
195,Am Timan,TD,11.0297,20.2827,100.81,19,58,0.56,broken clouds
196,Bairiki,KI,1.3292,172.9752,80.6,83,20,9.22,few clouds
197,Sao Joao Da Barra,BR,-21.6403,-41.0511,84.29,60,4,13.82,clear sky
198,Bilma,NE,18.6853,12.9164,105.42,7,3,7.36,clear sky
199,Karratha,AU,-20.7377,116.8463,80.85,62,0,3.53,light rain
200,Nichinan,JP,31.6,131.3667,65.16,94,75,1.81,broken clouds
201,Hasaki,JP,35.7333,140.8333,59.4,92,100,9.64,heavy intensity rain
202,Wrexham,GB,53.0,-3.0,63.03,49,20,12.66,few clouds
203,Thompson,CA,55.7435,-97.8558,14.16,73,75,14.97,broken clouds
204,Oksfjord,NO,70.2396,22.3479,41.07,96,100,6.87,overcast clouds
205,Bambanglipuro,ID,-7.95,110.2833,77.49,91,100,1.68,light rain
206,Haverfordwest,GB,51.8017,-4.9691,54.99,70,90,9.37,overcast clouds
207,Harper,LR,4.375,-7.7169,86.32,67,98,10.51,overcast clouds
208,Turukhansk,RU,65.8167,87.9833,17.06,94,100,6.78,overcast clouds
209,Eston,CA,51.1501,-108.7514,38.91,72,100,6.64,overcast clouds
210,Vysokogornyy,RU,50.1167,139.15,24.33,95,100,6.73,overcast clouds
211,Port Elizabeth,ZA,-33.918,25.5701,62.1,79,0,16.11,clear sky
212,Ahipara,NZ,-35.1667,173.1667,61.57,82,25,12.55,light rain
213,Gobabis,NA,-22.45,18.9667,78.08,21,17,2.8,few clouds
214,Biltine,TD,14.5333,20.9167,105.57,5,13,10.27,few clouds
215,Botwood,CA,49.1499,-55.3482,35.91,98,100,15.41,overcast clouds
216,Tuy Hoa,VN,13.0833,109.3,77.72,93,35,4.03,scattered clouds
217,Coquimbo,CL,-29.9533,-71.3436,56.93,88,100,4.61,overcast clouds
218,Avarua,CK,-21.2078,-159.775,78.85,83,75,4.61,broken clouds
219,Esna,EG,25.2934,32.554,95.34,6,0,16.64,clear sky
220,Wadena,US,46.4425,-95.1361,40.75,93,100,0.0,overcast clouds
221,Lorengau,PG,-2.0226,147.2712,80.46,82,61,5.1,broken clouds
222,Iqaluit,CA,63.7506,-68.5145,20.93,79,100,11.99,light snow
223,Le Port,RE,-20.9373,55.2919,77.0,66,90,5.3,overcast clouds
224,Kjollefjord,NO,70.9457,27.3465,37.45,85,100,14.74,overcast clouds
225,Awbari,LY,26.5921,12.7805,92.08,7,6,12.37,clear sky
226,Atambua,ID,-9.1061,124.8925,71.6,83,17,4.45,few clouds
227,Zhigansk,RU,66.7697,123.3711,3.33,95,24,5.97,few clouds
228,Tessalit,ML,20.1986,1.0114,95.79,5,0,14.07,clear sky
229,Kutum,SD,14.2,24.6667,94.35,6,6,4.47,clear sky
230,Fort Abbas,PK,29.1925,72.8536,94.23,10,51,4.7,broken clouds
231,Mazagao,BR,-0.115,-51.2894,87.85,70,84,7.54,light rain
232,Rumoi,JP,43.9344,141.6428,46.94,85,82,10.25,broken clouds
233,Nukus,UZ,42.4531,59.6103,66.18,37,0,6.91,clear sky
234,Beloha,MG,-25.1667,45.05,78.06,66,86,4.7,light rain
235,Gat,IL,31.61,34.7642,78.4,100,4,9.55,clear sky
236,Tacuarembo,UY,-31.7333,-55.9833,73.2,33,0,13.33,clear sky
237,Belmonte,BR,-15.8631,-38.8828,85.46,66,24,7.63,few clouds
238,Maldonado,UY,-34.6667,-54.9167,72.79,32,1,13.15,clear sky
239,Shitanjing,CN,39.2342,106.3439,62.17,16,5,3.24,clear sky
240,Vestmanna,FO,62.1564,-7.1664,47.32,66,80,12.66,broken clouds
241,Wajir,KE,1.7471,40.0573,94.96,36,75,9.22,broken clouds
242,Shira,RU,54.4911,89.9531,29.16,70,100,7.18,overcast clouds
243,Holme,DK,56.1138,10.1725,53.17,72,100,12.17,overcast clouds
244,Urucara,BR,-2.5364,-57.76,88.68,57,69,5.28,broken clouds
245,Clyde River,CA,70.4692,-68.5914,5.23,85,100,6.91,light snow
246,Tiznit,MA,29.5833,-9.5,57.76,67,100,14.97,overcast clouds
247,Barcelona,ES,41.3888,2.159,74.44,57,20,24.16,few clouds
248,Ndele,CF,8.4109,20.6473,86.43,49,96,5.88,overcast clouds
249,Bryanka,UA,48.511,38.6722,63.75,59,92,9.01,overcast clouds
250,Jorochito,BO,-18.05,-63.4333,79.12,58,42,12.35,scattered clouds
251,Ancud,CL,-41.8697,-73.8203,44.22,88,100,22.5,heavy intensity rain
252,Bethel,US,41.3712,-73.414,63.36,42,20,6.91,few clouds
253,Quang Ngai,VN,15.1167,108.8,77.52,94,99,6.26,overcast clouds
254,Provideniya,RU,64.3833,-173.3,22.78,81,7,4.05,clear sky
255,Ixtapa,MX,20.7,-105.2,76.23,69,40,4.0,scattered clouds
256,Montijo,PT,38.7067,-8.9739,67.68,66,40,13.8,scattered clouds
257,Haines Junction,CA,60.7522,-137.5108,31.95,80,100,0.0,overcast clouds
258,Awjilah,LY,29.1081,21.2869,90.88,12,0,3.96,clear sky
259,Nusaybin,TR,37.0778,41.2178,73.44,31,100,9.75,overcast clouds
260,Yanam,IN,16.7333,82.2167,83.32,77,69,7.16,broken clouds
261,Asau,RO,46.4333,26.4,70.95,40,62,3.53,broken clouds
262,Kidal,ML,18.4411,1.4078,99.52,6,0,15.75,clear sky
263,Kangasala,FI,61.4638,24.076,50.14,61,16,8.01,few clouds
264,Kavieng,PG,-2.5744,150.7967,81.75,77,47,8.61,light rain
265,Tilichiki,RU,60.4667,166.1,24.46,86,100,11.14,overcast clouds
266,Ostrovnoy,RU,68.0531,39.5131,35.51,99,100,14.29,overcast clouds
267,Gillette,US,44.2911,-105.5022,33.12,93,100,20.0,light snow
268,Pokhara,NP,28.2333,83.9833,74.08,29,1,7.7,clear sky
269,Taltal,CL,-25.4,-70.4833,64.98,76,2,2.44,clear sky
270,Souillac,MU,-20.5167,57.5167,75.58,83,75,19.57,broken clouds
271,Tiksi,RU,71.6872,128.8694,-3.64,100,98,2.39,overcast clouds
272,Male,MV,4.1748,73.5089,84.87,67,100,6.02,overcast clouds
273,Hofn,IS,64.2539,-15.2082,51.82,66,20,12.66,few clouds
274,Kaeo,NZ,-35.1,173.7833,58.32,94,42,6.98,scattered clouds
275,Charters Towers,AU,-20.1,146.2667,71.15,83,99,17.56,overcast clouds
276,Faanui,PF,-16.4833,-151.75,79.93,72,69,5.03,broken clouds
277,Codrington,AU,-38.2667,141.9667,48.92,92,0,7.85,clear sky
278,Constantine,DZ,36.365,6.6147,72.81,35,20,5.75,few clouds
279,Fort Saint James,CA,54.4333,-124.25,42.73,73,100,3.49,overcast clouds
280,Murgab,TM,37.4966,61.9714,78.67,41,0,4.61,clear sky
281,Alekseyevsk,RU,57.8406,108.3492,22.03,96,79,3.09,broken clouds
282,Kon Tum,VN,14.35,108.0,75.11,80,48,1.68,scattered clouds
283,Ilebo,CD,-4.3167,20.5833,82.83,68,98,1.92,light rain
284,Puerto Gaitan,CO,4.3133,-72.0816,81.61,74,97,9.84,overcast clouds
285,Hovd,MN,48.0056,91.6419,29.88,42,71,12.75,light snow
286,Vigrestad,NO,58.5667,5.7,55.96,62,82,1.05,broken clouds
287,Cockburn Town,TC,21.4612,-71.1419,77.34,69,100,17.81,overcast clouds
288,Beachwood,US,41.4645,-81.5087,78.3,50,20,19.57,few clouds
289,Ust-Nera,RU,64.5667,143.2,8.19,98,96,4.23,overcast clouds
290,Yining,CN,29.0361,114.5636,72.7,91,50,3.09,scattered clouds
291,Sorland,NO,67.667,12.6934,43.14,92,100,11.39,overcast clouds
292,Mandan,US,46.8267,-100.8896,35.58,87,20,28.77,light intensity drizzle
293,Kapaa,US,22.0752,-159.319,75.18,86,75,18.41,broken clouds
294,Solnechnyy,RU,50.7214,136.6319,18.28,93,58,5.35,broken clouds
295,Sioux Lookout,CA,50.1001,-91.917,39.27,100,100,6.91,mist
296,Kiama,AU,-34.6833,150.8667,62.08,89,100,1.01,overcast clouds
297,Americana,BR,-22.7392,-47.3314,86.0,51,0,0.92,clear sky
298,Keuruu,FI,62.2667,24.7,48.79,56,48,7.4,scattered clouds
299,Presidencia Roque Saenz Pena,AR,-26.7852,-60.4388,78.84,67,81,9.55,broken clouds
300,Flin Flon,CA,54.7682,-101.865,24.64,58,40,13.8,scattered clouds
301,Kodiak,US,57.79,-152.4072,40.51,87,100,11.5,overcast clouds
302,Nantucket,US,41.2835,-70.0995,51.91,55,0,14.97,clear sky
303,Palmer,US,42.1584,-72.3287,51.55,41,100,4.61,overcast clouds
304,Lashio,MM,22.9333,97.75,74.34,46,0,2.19,clear sky
305,Puerto Madryn,AR,-42.7692,-65.0385,66.42,28,100,29.04,overcast clouds
306,Quatre Cocos,MU,-20.2078,57.7625,76.08,75,99,20.18,light rain
307,Ziro,IN,27.6333,93.8333,52.34,95,50,1.83,scattered clouds
308,Mantua,IT,45.1667,10.7833,62.06,64,97,5.99,overcast clouds
309,Bulolo,PG,-7.2,146.65,68.49,97,99,1.36,overcast clouds
310,Richards Bay,ZA,-28.783,32.0377,73.99,83,37,9.84,scattered clouds
311,Kaitangata,NZ,-46.2817,169.8464,51.89,81,100,13.6,overcast clouds
312,Witney,GB,51.7836,-1.4854,62.58,50,20,17.27,few clouds
313,Naze,JP,28.3667,129.4833,68.92,90,54,8.41,broken clouds
314,Champerico,GT,14.3,-91.9167,86.54,68,1,4.12,clear sky
315,Hokitika,NZ,-42.7167,170.9667,52.36,86,78,6.33,broken clouds
316,San Jose,US,37.3394,-121.895,56.86,86,20,5.75,few clouds
317,Goure,NE,13.9835,10.2704,108.01,7,58,9.01,broken clouds
318,Riyadh,SA,24.6877,46.7219,86.14,12,92,12.1,overcast clouds
319,Camacha,PT,33.0833,-16.3333,63.82,63,40,17.27,scattered clouds
320,High Level,CA,58.5169,-117.136,33.91,75,75,11.5,broken clouds
321,Ahuimanu,US,21.4447,-157.8378,76.71,79,40,16.11,scattered clouds
322,Qaqortoq,GL,60.7167,-46.0333,39.79,82,77,6.82,broken clouds
323,La Palma,US,33.8464,-118.0467,75.87,57,0,4.61,clear sky
324,Severnyy,RU,50.677,36.5532,57.24,77,75,0.0,broken clouds
325,Araripina,BR,-7.5761,-40.4983,86.68,38,89,11.16,overcast clouds
326,Trim,IE,53.555,-6.7917,55.83,60,5,16.75,clear sky
327,Lompoc,US,34.6391,-120.4579,67.78,77,0,8.99,clear sky
328,Te Anau,NZ,-45.4167,167.7167,46.36,86,56,1.03,broken clouds
329,Westport,US,41.1415,-73.3579,62.31,49,0,16.11,clear sky
330,Morro Bay,US,35.3658,-120.8499,64.74,58,2,7.38,clear sky
331,Kitaibaraki,JP,36.7833,140.75,56.14,84,100,3.94,overcast clouds
332,Bengkulu,ID,-3.8004,102.2655,77.47,91,59,3.62,broken clouds
333,Dotnuva,LT,55.35,23.9,44.89,94,100,10.13,overcast clouds
334,Saint-Pierre,RE,-21.3393,55.4781,76.68,71,75,20.71,broken clouds
335,Egvekinot,RU,66.3167,-179.1667,9.57,93,86,6.64,overcast clouds
336,Tateyama,JP,34.9833,139.8667,61.11,90,100,9.6,overcast clouds
337,Tigil,RU,57.8,158.6667,25.74,93,100,3.98,overcast clouds
338,Staunton,US,38.1496,-79.0717,81.52,52,0,6.91,clear sky
339,Mayumba,GA,-3.432,10.6554,81.01,80,100,6.15,overcast clouds
340,Hamilton,US,39.1834,-84.5333,77.76,55,75,18.41,broken clouds
341,Troitskoye,RU,52.9821,84.6757,33.15,58,38,1.28,scattered clouds
342,Ambon,ID,-3.6954,128.1814,80.74,83,40,6.91,scattered clouds
343,Kannod,IN,22.6667,76.7333,96.17,12,2,9.28,clear sky
344,Upernavik,GL,72.7868,-56.1549,7.52,81,58,10.56,broken clouds
345,Waipawa,NZ,-41.4122,175.5153,51.67,87,99,7.18,moderate rain
346,Minsk,BY,53.9,27.5667,49.75,87,100,8.48,overcast clouds
347,Belaya Gora,RU,68.5333,146.4167,-3.73,100,76,4.47,broken clouds
348,Saint-Joseph,RE,-21.3667,55.6167,75.58,77,97,15.88,overcast clouds
349,Ust-Kuyga,RU,70.0167,135.6,-7.42,100,76,2.95,broken clouds
350,Redlands,US,34.0556,-117.1825,71.22,30,0,0.0,clear sky
351,Mindelo,CV,16.8901,-24.9804,85.55,37,0,16.11,clear sky
352,Dalvik,IS,65.9702,-18.5286,46.33,76,86,3.13,overcast clouds
353,Cherskiy,RU,68.75,161.3,-4.09,100,87,4.76,overcast clouds
354,Rabaul,PG,-4.1967,152.1721,79.63,78,55,2.93,broken clouds
355,Port Keats,AU,-14.25,129.55,79.74,48,57,6.44,broken clouds
356,Chicama,PE,-7.8447,-79.1469,61.34,69,42,6.49,scattered clouds
357,Miri,MY,4.4148,114.0089,80.74,94,40,3.44,scattered clouds
358,Hit,IQ,33.6416,42.8251,75.22,36,91,10.78,overcast clouds
359,Belyy Yar,RU,53.6039,91.3903,28.85,63,0,6.71,clear sky
360,Pacific Grove,US,36.6177,-121.9166,53.51,92,40,5.99,scattered clouds
361,Otaru,JP,43.1894,141.0022,50.02,80,23,2.26,few clouds
362,Saint Anthony,US,45.0205,-93.218,46.11,69,100,21.85,overcast clouds
363,Flinders,AU,-34.5833,150.8552,61.18,89,99,4.0,overcast clouds
364,Kirkenes,NO,69.7271,30.0458,40.15,75,75,9.22,broken clouds
365,Hounde,BF,11.5,-3.5167,104.25,7,89,9.08,overcast clouds
366,Mporokoso,ZM,-9.3727,30.125,69.89,86,98,3.38,light rain
367,Beni,CD,0.5,29.4667,65.48,97,100,3.56,light rain
368,Touros,BR,-5.1989,-35.4608,84.88,68,100,14.29,overcast clouds
369,Vanimo,PG,-2.6741,141.3028,79.84,83,84,4.34,broken clouds
370,Sur,OM,22.5667,59.5289,87.08,54,33,0.69,scattered clouds
371,Progreso,MX,21.2833,-89.6667,85.1,60,2,10.45,clear sky
372,Banikoara,BJ,11.2985,2.4386,107.51,7,93,3.49,overcast clouds
373,Kota Belud,MY,6.351,116.4305,77.4,90,65,4.61,light rain
374,Sitka,US,57.0531,-135.33,44.49,81,75,3.44,light rain
375,Saint-Augustin,CA,51.226,-58.6502,37.83,92,100,19.64,overcast clouds
376,Payo,ID,-3.7508,103.6372,75.11,94,83,1.92,broken clouds
377,Wangou,CN,42.0623,126.9127,46.13,47,79,3.74,broken clouds
378,Caravelas,BR,-17.7125,-39.2481,88.47,56,18,8.93,few clouds
379,Ghanzi,BW,-21.5667,21.7833,82.06,23,59,6.15,broken clouds
380,Cap Malheureux,MU,-19.9842,57.6142,76.46,72,97,8.01,overcast clouds
381,Leningradskiy,RU,69.3833,178.4167,14.0,97,99,3.09,overcast clouds
382,Novi Pazar,RS,43.1367,20.5122,69.35,48,86,4.7,overcast clouds
383,Tual,ID,-5.6667,132.75,83.97,68,68,5.53,broken clouds
384,Pushkino,RU,56.0172,37.8667,52.09,86,100,7.56,light rain
385,Meulaboh,ID,4.1363,96.1285,79.84,85,97,1.28,overcast clouds
386,Vestmannaeyjar,IS,63.4427,-20.2734,47.39,76,0,13.8,clear sky
387,Baykit,RU,61.67,96.37,29.93,97,100,3.69,overcast clouds
388,Nyagan,RU,62.1406,65.3936,36.1,98,100,2.1,light rain
389,Pisco,PE,-13.7,-76.2167,62.65,94,100,5.75,fog
390,Guymon,US,36.6828,-101.4816,53.6,47,0,9.22,clear sky
391,Bonavista,CA,48.6499,-53.1147,34.95,95,100,28.39,snow
392,Sumbe,AO,-11.2061,13.8437,80.42,79,35,8.55,scattered clouds
393,Wajima,JP,37.4,136.9,58.01,88,27,6.2,scattered clouds
394,Najran,SA,17.4924,44.1277,86.65,17,89,8.57,overcast clouds
395,La Ronge,CA,55.1001,-105.2842,34.02,64,40,11.5,scattered clouds
396,Chernyshevskiy,RU,63.0128,112.4714,9.79,97,96,2.48,overcast clouds
397,Lixourion,GR,38.2019,20.4314,69.8,73,0,6.91,clear sky
398,Zhangjiakou,CN,40.81,114.8794,65.7,19,30,1.66,scattered clouds
399,Serenje,ZM,-13.2325,30.2352,68.32,79,81,7.72,broken clouds
400,Evensk,RU,61.95,159.2333,24.62,90,100,25.37,snow
401,Qandala,SO,11.472,49.8728,85.39,66,65,4.94,broken clouds
402,San Rafael,AR,-34.6177,-68.3301,71.6,46,10,8.23,clear sky
403,Huangchuan,CN,32.1272,115.0394,75.22,68,100,4.99,overcast clouds
404,San Marcos,US,33.1434,-117.1661,72.48,52,0,1.99,clear sky
405,Baybay,PH,10.6833,124.8333,78.48,91,58,5.41,broken clouds
406,Hami,CN,42.8,93.45,66.38,34,53,19.48,broken clouds
407,Lewiston,US,44.1003,-70.2148,51.85,31,48,6.91,scattered clouds
408,Elat,IL,29.5581,34.9482,94.84,14,1,9.22,clear sky
409,Trelew,AR,-43.249,-65.3051,65.08,24,83,30.78,broken clouds
410,Raudeberg,NO,61.9875,5.1352,50.67,79,46,3.11,scattered clouds
411,Finnsnes,NO,69.2296,17.9811,43.41,99,100,5.21,light rain
412,Lasem,ID,-6.6922,111.4527,79.61,84,100,1.9,overcast clouds
413,Lagoa,PT,39.05,-27.9833,57.6,73,4,20.6,clear sky
414,Katangli,RU,51.7102,143.2326,28.8,97,100,9.4,light snow
415,Ocean City,US,39.2776,-74.5746,73.29,58,10,11.99,clear sky
416,San-Pedro,CI,4.7485,-6.6363,86.74,67,48,11.25,scattered clouds
417,Todos Santos,MX,23.45,-110.2167,69.22,53,0,5.68,clear sky
418,Peleduy,RU,59.6289,112.7406,24.26,96,100,1.05,overcast clouds
419,Aleksandrovskiy Zavod,RU,50.9237,117.9374,30.04,36,14,3.4,few clouds
420,Comodoro Rivadavia,AR,-45.8667,-67.5,58.86,44,20,13.8,few clouds
421,Coihaique,CL,-45.5752,-72.0662,36.21,100,100,2.3,moderate rain
422,Iberia,US,29.9502,-91.7507,79.05,73,100,20.71,overcast clouds
423,Cedar City,US,37.6775,-113.0619,43.39,70,0,6.91,clear sky
424,Puerto Leguizamo,CO,-0.1934,-74.7819,78.49,92,100,4.68,overcast clouds
425,Constitucion,CL,-35.3333,-72.4167,58.89,89,93,21.07,overcast clouds
426,Nome,US,64.5011,-165.4064,35.67,93,75,0.0,light rain
427,Cascais,PT,38.6979,-9.4215,68.61,69,20,12.66,few clouds
428,Purpe,RU,64.4803,76.6897,17.89,95,100,6.93,overcast clouds
429,Nouadhibou,MR,20.931,-17.0347,73.38,60,0,17.27,clear sky
430,Zamora,EC,-4.0692,-78.9567,76.24,97,100,1.14,light rain
431,Ciudad Real,ES,39.0,-4.0,64.15,47,49,5.99,scattered clouds
432,Vila Franca Do Campo,PT,37.7167,-25.4333,59.41,65,7,17.31,light rain
433,Port Arthur,CN,38.8,121.2667,56.91,75,100,15.43,overcast clouds
434,Bud,US,39.447,-86.1758,77.02,71,100,16.31,overcast clouds
435,Portland,US,45.5234,-122.6762,51.3,80,20,6.91,few clouds
436,Ayan,RU,56.45,138.1667,25.86,90,100,4.03,overcast clouds
437,Uthal,PK,25.8072,66.6219,86.09,49,26,9.31,scattered clouds
438,Parrita,CR,9.5201,-84.3225,83.7,66,42,3.42,scattered clouds
439,Jibuti,DJ,11.5,42.5,81.45,62,39,23.33,scattered clouds
440,Riachao,BR,-7.3619,-46.6172,83.23,65,87,5.66,light rain
441,Henties Bay,NA,-22.116,14.2845,61.5,74,2,14.97,clear sky
442,Concarneau,FR,47.875,-3.9225,65.19,81,75,6.38,broken clouds
443,Yeppoon,AU,-23.1333,150.7333,65.98,73,95,22.15,overcast clouds
444,Pavlysh,UA,48.9176,33.3569,59.23,57,53,4.72,broken clouds
445,Sistranda,NO,63.7256,8.834,55.36,80,100,17.05,overcast clouds
446,Khandbari,NP,27.3747,87.2039,73.85,47,24,3.36,few clouds
447,Little Current,CA,45.9793,-81.9248,41.05,88,100,12.44,overcast clouds
448,Acapulco,MX,16.8634,-99.8901,84.02,61,0,2.3,clear sky
449,Nosy Varika,MG,-20.5833,48.5333,75.33,79,94,4.27,light rain
450,Wangaratta,AU,-36.3667,146.3333,46.45,100,81,0.0,broken clouds
451,Bose,IT,45.4612,8.0137,57.65,72,100,4.61,overcast clouds
452,Doha,QA,25.2867,51.5333,93.51,29,0,9.22,clear sky
453,San Luis,AR,-33.295,-66.3356,76.84,40,7,17.36,clear sky
454,Havre-Saint-Pierre,CA,50.2334,-63.5986,43.16,49,75,20.71,broken clouds
455,Berberati,CF,4.2612,15.7922,88.52,48,100,1.07,overcast clouds
456,College,US,64.8569,-147.8028,33.08,80,20,0.0,few clouds
457,Maraa,BR,-1.8333,-65.3667,82.67,85,100,3.85,overcast clouds
458,Florianopolis,BR,-27.6146,-48.5012,75.63,69,20,11.5,few clouds
459,The Valley,AI,18.217,-63.0578,84.06,61,20,14.97,few clouds
460,Zheleznodorozhnyy,RU,55.7503,38.0042,52.21,85,100,6.51,moderate rain
461,Esperance,AU,-33.8667,121.9,57.04,83,1,10.63,clear sky
462,Xuddur,SO,4.1213,43.8894,87.39,41,72,4.97,broken clouds
463,Matveyevka,RU,52.15,56.1833,54.09,47,30,3.44,scattered clouds
464,Alice Springs,AU,-23.7,133.8833,62.15,94,100,10.36,overcast clouds
465,Loiza,PR,18.4313,-65.8802,84.2,59,40,14.97,scattered clouds
466,Montale,IT,43.9356,11.0171,56.12,86,100,7.0,overcast clouds
467,Paignton,GB,50.4357,-3.5679,64.65,63,57,4.0,broken clouds
468,Yuzhno-Kurilsk,RU,44.0306,145.8556,40.15,93,100,10.31,overcast clouds
469,Kose,TR,40.21,39.6511,61.61,46,39,7.45,light rain
470,Anadyr,RU,64.75,177.4833,16.3,86,0,4.47,clear sky
471,Fiumicino,IT,41.7675,12.2291,65.62,71,20,12.66,few clouds
472,Ugoofaaru,MV,5.6667,73.0,84.94,69,32,4.9,scattered clouds
473,Thornton,US,39.868,-104.9719,50.11,42,40,8.05,scattered clouds
474,Mareeba,AU,-17.0,145.4333,74.12,94,100,4.9,light rain
475,Gamba,GA,-2.65,10.0,79.43,84,100,3.98,moderate rain
476,Porto Novo,BJ,6.4965,2.6036,82.22,63,100,10.2,overcast clouds
477,Alta Floresta,BR,-9.8756,-56.0861,91.22,62,40,6.91,scattered clouds
478,Kabare,CD,-2.4683,28.8242,64.31,93,100,1.45,overcast clouds
479,Mweka,CD,-4.85,21.5667,76.66,77,99,2.57,overcast clouds
480,Havelock,US,34.8791,-76.9013,77.99,70,0,7.0,clear sky
481,Esil,KZ,51.9556,66.4042,46.42,31,84,8.39,broken clouds
482,Bandarbeyla,SO,9.4942,50.8122,83.07,69,0,8.81,clear sky
483,Fernley,US,39.608,-119.2518,50.81,28,2,2.82,clear sky
484,Haslett,US,42.747,-84.4011,77.23,56,0,14.97,clear sky
485,Teknaf,BD,20.8624,92.3058,80.83,88,1,3.47,clear sky
486,Jacareacanga,BR,-6.2222,-57.7528,88.74,53,99,5.03,overcast clouds
487,Khash,IR,28.2211,61.2158,76.59,23,91,8.3,overcast clouds
488,Nampula,MZ,-15.1165,39.2666,80.55,78,40,4.61,scattered clouds
489,Marsa Matruh,EG,31.3525,27.2453,68.68,68,0,12.1,clear sky
490,Deputatskiy,RU,69.3,139.9,0.18,99,100,1.5,overcast clouds
491,Basco,PH,20.4487,121.9702,81.05,85,4,16.73,clear sky
492,Mungaoli,IN,24.4167,78.1,93.07,10,0,8.77,clear sky
493,Surt,LY,31.2089,16.5887,68.32,57,95,13.33,overcast clouds
494,Sao Joao Do Piaui,BR,-8.3581,-42.2467,93.0,38,100,6.33,overcast clouds
495,Dubovskoye,RU,47.4092,42.7575,65.55,49,92,11.14,light rain
496,Makakilo City,US,21.3469,-158.0858,75.52,72,100,13.8,light intensity drizzle
497,Sao Miguel Do Araguaia,BR,-13.275,-50.1628,86.79,57,76,4.61,broken clouds
498,Mahibadhoo,MV,3.7833,72.9667,85.1,68,53,7.14,broken clouds
499,Puerto Carreno,CO,6.189,-67.4859,89.71,49,36,10.22,scattered clouds
500,Lufilufi,WS,-13.8745,-171.5986,74.98,71,66,6.08,broken clouds
501,Keti Bandar,PK,24.1447,67.4497,82.87,70,0,18.41,clear sky
502,Mnogovershinnyy,RU,53.9353,139.9242,22.95,97,100,6.69,snow
503,Laguna,US,38.421,-121.4238,59.77,68,0,3.44,clear sky
504,Bubaque,GW,11.2833,-15.8333,78.04,75,14,17.72,few clouds
505,Talnakh,RU,69.4865,88.3972,-4.63,100,55,1.5,broken clouds
506,Launceston,AU,-41.45,147.1667,51.15,97,75,0.0,fog
507,Clemmons,US,36.0215,-80.382,77.99,59,0,8.05,clear sky
508,Carlsbad,US,33.1581,-117.3506,74.17,57,0,3.0,clear sky
509,Teguldet,RU,57.3064,88.1667,28.4,88,85,5.61,overcast clouds
510,Tambura,SS,5.6,27.4667,80.64,60,84,4.92,broken clouds
511,Faya,SA,18.3851,42.4509,70.32,42,34,6.82,scattered clouds
512,Gimli,CA,50.6336,-96.9907,30.22,93,100,33.38,overcast clouds
513,Khani,GE,41.9563,42.9566,62.17,84,49,3.33,scattered clouds
514,Abha,SA,18.2164,42.5053,70.05,43,20,12.66,few clouds
515,Sulangan,PH,11.1373,123.7228,82.0,81,96,14.41,overcast clouds
516,Sibolga,ID,1.7427,98.7792,78.03,88,96,3.74,overcast clouds
517,New Glasgow,CA,45.5834,-62.6486,38.98,84,100,20.02,overcast clouds
518,Las Margaritas,MX,16.3167,-91.9833,76.44,45,0,2.64,clear sky
519,Marsh Harbour,BS,26.5412,-77.0636,75.88,67,1,15.12,clear sky
520,Bako,ET,5.7833,36.5667,65.98,86,95,3.04,light rain
521,Wagar,SD,16.1525,36.2032,100.29,7,79,8.46,broken clouds
522,Humaita,BR,-7.5061,-63.0208,89.53,58,97,4.92,overcast clouds
523,Bereda,ES,43.2686,-7.5406,59.41,77,100,3.89,overcast clouds
524,Nipawin,CA,53.3668,-104.0009,37.44,60,0,11.5,clear sky
525,Neufchateau,FR,48.35,5.7,54.14,96,100,3.96,overcast clouds
526,Samagaltay,RU,50.6022,95.0047,21.47,47,69,5.44,broken clouds
527,Nchelenge,ZM,-9.3451,28.734,71.1,87,85,3.0,moderate rain
528,Murwara,IN,23.85,80.4,91.33,13,0,5.7,clear sky
529,Nuevitas,CU,21.5453,-77.2644,82.15,61,100,15.66,overcast clouds
530,Swift Current,CA,50.2834,-107.8014,40.01,65,0,10.36,clear sky
531,Baiyin,CN,36.5583,104.2081,60.26,30,99,5.95,overcast clouds
532,Vila,PT,42.0304,-8.1588,50.88,81,99,5.79,overcast clouds
533,Edd,ER,13.9297,41.6925,93.22,45,51,18.97,broken clouds
534,Pemba,MZ,-12.974,40.5178,83.1,83,75,11.5,thunderstorm
535,Poum,NC,-20.2333,164.0167,76.48,76,31,10.54,scattered clouds
536,Nushki,PK,29.5542,66.0215,82.13,18,91,5.75,overcast clouds
537,Pameungpeuk,ID,-7.0183,107.6039,71.56,92,100,2.13,overcast clouds
538,Dzhida,RU,50.6772,106.1806,35.64,38,100,16.53,overcast clouds
539,Kousseri,CM,12.0769,15.0306,106.41,11,65,5.82,broken clouds
540,Pascagoula,US,30.3658,-88.5561,79.03,74,20,9.22,few clouds
541,Grand Baie,MU,-20.0182,57.5802,76.44,72,98,10.0,overcast clouds
542,Chipurupalle,IN,18.3,83.5667,87.15,63,97,5.95,overcast clouds
543,Sarakhs,IR,36.5449,61.1577,80.74,41,0,4.61,clear sky
544,Tiarei,PF,-17.5333,-149.3333,75.22,78,55,7.67,light rain
545,Toamasina,MG,-18.1667,49.3833,77.0,88,40,2.3,scattered clouds
546,Bintulu,MY,3.1667,113.0333,79.21,100,40,3.44,scattered clouds
547,Ust-Maya,RU,60.4167,134.5333,18.25,95,36,1.36,scattered clouds
548,Sao Jose Do Belmonte,BR,-7.8614,-38.7597,92.01,34,43,11.9,scattered clouds
549,Avera,US,33.194,-82.5271,76.55,65,100,6.46,overcast clouds
550,Bucerias,MX,20.75,-105.3333,76.98,69,40,0.0,scattered clouds
551,Pangnirtung,CA,66.1451,-65.7125,24.78,65,100,5.23,overcast clouds
552,Exeter,GB,50.7236,-3.5275,64.15,55,20,10.36,few clouds
553,Benghazi,LY,32.1167,20.0667,67.62,59,24,16.84,few clouds
554,Lasa,IT,46.6166,10.7002,49.08,95,100,2.64,overcast clouds
555,Palana,RU,59.1167,159.9667,26.65,86,100,5.08,overcast clouds
556,Batticaloa,LK,7.7102,81.6924,83.12,77,37,6.55,scattered clouds
557,Calama,CL,-22.4667,-68.9333,66.69,9,0,3.44,clear sky
558,Saurimo,AO,-9.6608,20.3916,74.82,67,98,2.19,overcast clouds
559,Mogadishu,SO,2.0371,45.3438,83.8,74,88,13.4,overcast clouds
560,Preobrazheniye,RU,42.9019,133.9064,47.48,59,97,4.05,overcast clouds
561,Hay River,CA,60.8156,-115.7999,33.78,64,20,17.27,few clouds
562,Sehithwa,BW,-20.4667,22.7167,80.29,25,31,3.18,scattered clouds
563,Marawi,PH,7.9986,124.2928,70.05,93,94,2.44,overcast clouds
564,Sambava,MG,-14.2667,50.1667,77.47,85,80,11.9,light rain
565,Nicoya,CR,10.1483,-85.452,87.31,54,26,4.29,scattered clouds
566,Blackwater,AU,-23.5833,148.8833,66.18,69,95,16.37,overcast clouds
567,Harindanga,IN,22.0383,88.3214,83.05,85,0,15.43,clear sky
568,Sola,VU,-13.8833,167.55,81.07,71,95,0.63,overcast clouds
569,Presidente Medici,BR,-11.1753,-61.9014,83.71,79,77,4.68,broken clouds
570,Biak,ID,-0.9131,122.8766,77.04,85,80,1.14,broken clouds
571,Shahdadpur,PK,25.9241,68.62,95.0,32,32,18.84,scattered clouds
572,Bonanza,NI,14.0289,-84.591,80.31,77,27,3.02,scattered clouds
573,Antalaha,MG,-14.9003,50.2788,76.28,85,79,8.88,light rain
574,Fougamou,GA,-1.2154,10.5838,76.08,96,97,3.11,moderate rain
575,Svetlaya,RU,46.5389,138.3297,40.64,61,0,2.39,clear sky
576,Kurumkan,RU,54.3,110.3,27.86,68,57,3.18,broken clouds
577,Staryy Nadym,RU,65.6118,72.6842,14.54,88,100,4.25,overcast clouds
578,Valdivia,CL,-39.8142,-73.2459,59.09,93,97,13.6,overcast clouds
579,Sovetskiy,RU,61.3614,63.5842,34.41,96,70,4.18,broken clouds
580,Arica,CL,-18.475,-70.3042,72.95,60,0,9.22,clear sky
581,Hamada,JP,34.8833,132.0833,60.1,89,6,4.21,clear sky
582,Vilyuysk,RU,63.7553,121.6247,12.09,97,100,1.86,overcast clouds
583,Padang,ID,-0.9492,100.3543,78.78,89,100,3.71,overcast clouds
584,Filingue,NE,14.3521,3.3168,108.25,6,94,5.17,overcast clouds
585,Chiungutwa,TZ,-10.8833,38.9833,74.12,94,100,3.8,light rain
586,Gouyave,GD,12.1646,-61.7296,84.97,62,20,20.71,few clouds
587,Amahai,ID,-3.3333,128.9167,79.61,82,63,1.39,broken clouds
588,Rundu,NA,-17.9333,19.7667,76.33,33,14,3.91,few clouds
589,Carutapera,BR,-1.195,-46.02,76.1,89,100,0.34,overcast clouds
590,Inirida,CO,3.8653,-67.9239,79.45,86,100,0.54,overcast clouds
591,Dharur,IN,18.8167,76.1167,90.91,26,77,5.03,broken clouds
592,Ca Mau,VN,9.1769,105.15,81.82,79,30,3.76,scattered clouds
593,Homer,US,59.6425,-151.5483,39.04,87,0,3.44,clear sky
594,Atchison,US,39.563,-95.1216,55.99,57,29,14.56,scattered clouds
595,Paamiut,GL,61.994,-49.6678,32.27,91,75,11.34,broken clouds
596,Coahuayana,MX,18.7333,-103.6833,85.59,32,10,4.07,clear sky
597,Aykhal,RU,66.0,111.5,4.35,98,53,0.65,broken clouds
598,Hirara,JP,24.8,125.2833,77.45,91,0,12.28,clear sky
599,Adre,TD,13.4667,22.2,98.78,10,82,8.23,broken clouds
600,Kenai,US,60.5544,-151.2583,34.14,92,100,0.0,overcast clouds
601,Lisala,CD,2.15,21.5167,78.55,78,100,0.94,light rain
602,Zwettl,AT,48.6,15.1667,57.38,60,62,8.55,light rain
603,Luanda,AO,-8.8368,13.2343,86.0,62,20,10.36,few clouds
604,Iznoski,RU,54.9881,35.3108,46.58,98,100,5.53,overcast clouds
605,Malanje,AO,-9.5402,16.341,73.74,74,89,2.19,overcast clouds
606,Ozernovskiy,RU,51.5,156.5167,31.86,92,100,13.8,light snow
607,Cururupu,BR,-1.8283,-44.8683,78.96,78,100,1.45,overcast clouds
608,Wawa,NG,9.9022,4.4192,99.77,28,100,3.87,overcast clouds
609,Bathsheba,BB,13.2167,-59.5167,86.61,54,40,19.57,scattered clouds
610,Atar,MR,20.5169,-13.0499,89.65,20,0,6.91,clear sky
611,Half Moon Bay,US,37.4636,-122.4286,57.92,87,100,6.91,mist
612,Christchurch,NZ,-43.5333,172.6333,50.0,87,75,4.61,broken clouds
613,Luganville,VU,-15.5333,167.1667,76.08,88,94,2.37,overcast clouds
614,Kirakira,SB,-10.4544,161.9205,79.07,84,89,3.44,overcast clouds
615,Grand Gaube,MU,-20.0064,57.6608,76.37,72,96,10.0,overcast clouds
616,Sao Bento Do Sul,BR,-26.2503,-49.3786,68.23,81,20,1.23,few clouds
617,Erzin,TR,36.9559,36.2,74.84,47,0,1.83,clear sky
618,Huntsville,US,34.7304,-86.5861,77.92,63,0,12.66,clear sky
619,Klaksvik,FO,62.2266,-6.589,47.32,86,100,17.94,overcast clouds
620,Requena,ES,39.4883,-1.1004,71.87,29,3,15.03,clear sky
621,Collie,AU,-33.3667,116.15,59.74,51,100,6.06,overcast clouds
622,Gondanglegi,ID,-7.7479,112.0132,76.6,92,97,1.54,overcast clouds
623,Kununurra,AU,-15.7667,128.7333,71.58,88,76,0.0,broken clouds
624,Mecatlan,MX,20.2167,-97.6667,77.18,54,0,5.57,clear sky
625,Killybegs,IE,54.6333,-8.45,58.71,55,37,14.79,scattered clouds
626,Abu Samrah,SY,35.3029,37.1841,82.35,16,5,8.1,clear sky
627,Muncar,ID,-8.4333,114.3333,77.79,89,42,2.26,scattered clouds
628,Englehart,CA,47.8169,-79.8664,48.76,53,0,25.32,clear sky
629,Okhotsk,RU,59.3833,143.3,21.69,98,43,4.21,scattered clouds
630,Ericeira,PT,38.9627,-9.4156,68.45,69,32,9.69,scattered clouds
631,Tabou,CI,4.423,-7.3528,85.96,69,94,12.08,overcast clouds
632,Manicore,BR,-5.8092,-61.3003,89.55,56,100,4.23,overcast clouds
633,Uglich,RU,57.5275,38.3317,49.44,90,100,3.83,light rain
634,Cap-Chat,CA,49.1001,-66.6821,39.2,65,68,11.5,broken clouds
635,Xinglongshan,CN,43.9561,125.4661,46.15,57,0,4.47,clear sky
636,Opuwo,NA,-18.0607,13.84,81.64,28,14,4.0,few clouds
637,Lorient,FR,47.8333,-3.25,64.54,59,100,12.66,light rain
638,Suntar,RU,62.1444,117.6319,25.56,93,100,3.02,overcast clouds
639,Punta Alta,AR,-38.8759,-62.0736,68.14,50,91,11.97,overcast clouds
640,Ploemeur,FR,47.7333,-3.4333,64.49,59,85,12.66,overcast clouds
641,Lishu,CN,43.3047,124.3278,57.15,32,74,6.42,broken clouds
642,Waingapu,ID,-9.6567,120.2641,76.96,83,19,6.6,few clouds
643,Ransang,PH,8.9603,117.5828,78.98,86,8,3.87,clear sky
644,Ossora,RU,59.2353,163.0719,29.73,97,100,18.48,snow
645,Carmen,MX,18.6333,-91.8333,82.44,69,0,14.97,clear sky
646,Otradnoye,RU,59.7775,30.8181,49.87,78,100,9.62,overcast clouds
647,Haimen,CN,23.1935,116.6142,78.69,88,33,7.74,scattered clouds
648,Genhe,CN,50.7833,121.5167,30.92,95,98,3.09,light snow
649,Clearlake,US,38.9582,-122.6264,60.17,56,31,2.39,scattered clouds
650,Walvis Bay,NA,-22.9575,14.5053,67.15,52,0,14.97,clear sky
651,Eureka,US,40.8021,-124.1637,50.25,76,80,1.01,broken clouds
652,Salaga,GH,8.5508,-0.5188,98.04,34,100,7.34,overcast clouds
653,Pamanukan,ID,-6.2842,107.8106,76.71,92,100,5.3,overcast clouds
654,Xiangfan,CN,32.0422,112.1448,66.9,90,100,17.76,moderate rain
655,Road Town,VG,18.4167,-64.6167,82.49,54,40,11.5,scattered clouds
656,Santa Rita,BR,-7.1139,-34.9781,74.07,100,75,16.11,broken clouds
657,Shelopugino,RU,51.6514,117.5599,29.08,73,58,0.56,broken clouds
658,Yarim,YE,14.298,44.3779,63.05,51,87,7.52,light rain
659,Hlukhiv,UA,51.6782,33.9162,53.24,71,68,5.17,broken clouds
660,Toronto,CA,43.7001,-79.4163,58.48,65,0,25.32,clear sky
661,Maceio,BR,-9.6658,-35.7353,85.44,61,40,13.8,scattered clouds
662,Turtas,RU,58.9417,69.1325,33.51,81,90,6.49,overcast clouds
663,Hastings,GB,50.8552,0.5729,62.28,71,0,19.35,clear sky
664,Hue,VN,16.4667,107.6,82.51,74,20,6.91,few clouds
665,Alofi,NU,-19.0595,-169.9187,75.09,94,98,3.44,overcast clouds
